{"cameraMode":{"drawMode":0,"name":"Shaded","section":"Shading Mode"},"sceneLighting":false,"audioPlay":false,"sceneViewState":{"m_AlwaysRefresh":false,"showFog":true,"showSkybox":false,"showFlares":true,"showImageEffects":true,"showParticleSystems":true,"showVisualEffectGraphs":true,"m_FxEnabled":true},"in2DMode":false,"pivot":{"x":-0.16484546661376954,"y":14.437751770019532,"z":5.676133155822754},"rotation":{"x":0.000026998042812920175,"y":0.9999727010726929,"z":-0.00449990713968873,"w":0.0059998491778969769},"size":1.511301875114441,"orthographic":true}